[Arr] Status,[Arr] Routing,[Arr] Airline code,[Arr] Service Type,[Arr] Flight Designator,[Arr] SIBT,[Dep] Status,[Dep] Routing,[Dep] Airline code,[Dep] Service Type,[Dep] Flight Designator,[Dep] SOBT
"In block","TQO-NLU","XN","J","XN 1783","01FEB 19:10","Take off","NLU-TIJ","XN","J","XN 1204","01FEB 21:55",
"In block","DGO-NLU","AM","J","AM 2469","01FEB 21:17","Take off","NLU-MTY","AM","J","AM 998","01FEB 21:57",
"In block","VER-NLU","VB","J","VB 7435","01FEB 21:30","Take off","NLU-CJS","VB","J","VB 7435","01FEB 22:10",
"In block","PXM-NLU","VB","J","VB 7283","01FEB 22:10","Take off","NLU-MID","VB","J","VB 7283","01FEB 22:50",
"In block","TIJ-NLU","Y4","J","Y4 3296","01FEB 22:37","Take off","NLU-TIJ","Y4","J","Y4 3297","01FEB 23:19",
"In block","GDL-NLU","Y4","J","Y4 1292","01FEB 20:28","Take off","NLU-BOG","Y4","J","Y4 3960","02FEB 00:36",
"In block","PVR-NLU","XN","J","XN 1445","01FEB 21:10","Take off","NLU-MTY","XN","J","XN 1100","02FEB 06:00",
"In block","GDL-NLU","VB","J","VB 9523","01FEB 22:30","Take off","NLU-GDL","VB","J","VB 9520","02FEB 06:00",
"In block","SJD-NLU","VB","J","VB 9497","01FEB 23:20","Take off","NLU-MTY","VB","J","VB 7382","02FEB 06:00",
"In block","MID-NLU","VB","J","VB 9411","01FEB 23:40","Take off","NLU-CUN","VB","J","VB 2281","02FEB 06:20",
"In block","MID-NLU","Y4","J","Y4 7111","01FEB 21:53","Take off","NLU-GDL","Y4","J","Y4 1291","02FEB 06:30",
"In block","GDL-NLU","XN","J","XN 1437","01FEB 23:00","Take off","NLU-GDL","XN","J","XN 1430","02FEB 06:30",
"In block","QRO-NLU","VB","J","VB 771","02FEB 05:15","Take off","NLU-PXM","VB","J","VB 9222","02FEB 06:40",
"In block","MTY-NLU","XN","J","XN 1107","01FEB 22:55","Off block","NLU-MID","XN","J","XN 1760","02FEB 06:50",
"In block","CUN-NLU","VB","J","VB 2288","01FEB 23:50","Take off","NLU-CEN","VB","J","VB 9480","02FEB 06:50",
"In block","MTY-NLU","VB","J","VB 9405","02FEB 00:25","Take off","NLU-TIJ","VB","J","VB 5069","02FEB 08:00",
"In block","GDL-NLU","VB","J","VB 7240","02FEB 07:15","Take off","NLU-TQO","VB","J","VB 7240","02FEB 08:00",
"In block","SLP-NLU","ZV","J","ZV 341","02FEB 07:30","Take off","NLU-CVM","ZV","J","ZV 362","02FEB 08:00",
"In block","BJX-NLU","VB","J","VB 7344","02FEB 07:30","Take off","NLU-CUU","VB","J","VB 7344","02FEB 08:00",
"In block","MTY-NLU","VB","J","VB 7332","02FEB 07:35","Take off","NLU-VSA","VB","J","VB 7332","02FEB 08:05",
"In block","GDL-NLU","AM","J","AM 287","02FEB 07:35","Take off","NLU-TQO","AM","J","AM 592","02FEB 08:16",
"In block","HMO-NLU","VB","J","VB 9305","01FEB 20:05","Take off","NLU-NLD","VB","J","VB 9450","02FEB 08:20",
"In block","VER-NLU","AM","J","AM 871","02FEB 07:44","Take off","NLU-CLQ","AM","J","AM 2436","02FEB 08:24",
"In block","CUN-NLU","VB","J","VB 2278","01FEB 21:50","Take off","NLU-LAP","VB","J","VB 9298","02FEB 08:30",
"In block","CUN-NLU","VB","J","VB 2272","02FEB 07:30","Take off","NLU-CUN","VB","J","VB 2273","02FEB 08:30",
"In block","MID-NLU","VB","J","VB 7350","02FEB 07:55","Take off","NLU-PVR","VB","J","VB 7350","02FEB 08:35",
"In block","MZT-NLU","XN","J","XN 1265","01FEB 20:35","Take off","NLU-TQO","XN","J","XN 1780","02FEB 08:50",
"In block","GDL-NLU","VB","J","VB 9521","02FEB 09:15","Take off","NLU-ZIH","VB","J","VB 9312","02FEB 10:00",
"In block","TIJ-NLU","XN","J","XN 1205","02FEB 05:30","Take off","NLU-CPE","XN","J","XN 1700","02FEB 10:30",
"In block","PXM-NLU","VB","J","VB 9223","02FEB 09:50","Take off","NLU-HUX","VB","J","VB 9294","02FEB 10:35",
"In block","MTY-NLU","XN","J","XN 1101","02FEB 09:40","Take off","NLU-SJD","XN","J","XN 1232","02FEB 10:40",
"In block","GDL-NLU","Y4","J","Y4 1290","02FEB 09:43","Take off","NLU-CUN","Y4","J","Y4 3533","02FEB 10:44",
"In block","GDL-NLU","XN","J","XN 1431","02FEB 09:30","Take off","NLU-CVM","XN","J","XN 1142","02FEB 11:00",
"In block","MTY-NLU","VB","J","VB 9401","02FEB 10:20","Take off","NLU-MTY","VB","J","VB 9402","02FEB 11:05",
"In block","TIJ-NLU","VB","J","VB 7428","02FEB 11:15","Take off","NLU-TGZ","VB","J","VB 7428","02FEB 11:55",
"In block","MID-NLU","XN","J","XN 1761","02FEB 11:10","Take off","NLU-IZT","XN","J","XN 1992","02FEB 12:10",
"In block","BOG-NLU","Y4","J","Y4 3961","02FEB 10:49","Take off","NLU-SJD","Y4","J","Y4 7120","02FEB 12:14",
"In block","VSA-NLU","VB","J","VB 7333","02FEB 11:45","Take off","NLU-MTY","VB","J","VB 7333","02FEB 12:20",
"In block","CLQ-NLU","AM","J","AM 2437","02FEB 11:43","Take off","NLU-MID","AM","J","AM 878","02FEB 12:23",
"In block","CUN-NLU","VB","J","VB 7416","02FEB 12:00","Take off","NLU-CUL","VB","J","VB 7416","02FEB 12:50",
"In block","PVR-NLU","VB","J","VB 7351","02FEB 12:20","Take off","NLU-MID","VB","J","VB 7351","02FEB 13:00",
"In block","CEN-NLU","VB","J","VB 9481","02FEB 12:10","Take off","NLU-CUN","VB","J","VB 2283","02FEB 13:10",
"In block","NLD-NLU","VB","J","VB 9451","02FEB 12:05","Take off","NLU-SLW","VB","J","VB 9394","02FEB 13:35",
"In block","CUU-NLU","VB","J","VB 7345","02FEB 13:05","Take off","NLU-BJX","VB","J","VB 7345","02FEB 13:35",
"In block","ZIH-NLU","VB","J","VB 9313","02FEB 12:45","Take off","NLU-MZT","VB","J","VB 9234","02FEB 13:40",
"In block","TQO-NLU","VB","J","VB 7241","02FEB 12:55","Take off","NLU-GDL","VB","J","VB 7241","02FEB 13:40",
"In block","LAP-NLU","VB","J","VB 9299","02FEB 13:25","Take off","NLU-REX","VB","J","VB 9386","02FEB 14:00",
"In block","TQO-NLU","AM","J","AM 593","02FEB 13:17","Take off","NLU-PVR","AM","J","AM 880","02FEB 14:11",
"In block","TQO-NLU","XN","J","XN 1781","02FEB 13:35","Take off","NLU-PVR","XN","J","XN 1442","02FEB 14:35",
"In block","HUX-NLU","VB","J","VB 9295","02FEB 13:55","Take off","NLU-MAM","VB","J","VB 9532","02FEB 14:45",
"In block","CPE-NLU","XN","J","XN 1701","02FEB 14:40","Take off","NLU-MID","XN","J","XN 1764","02FEB 15:40",
"In block","CUN-NLU","VB","J","VB 7008","02FEB 15:05","Take off","NLU-OAX","VB","J","VB 7008","02FEB 15:40",
"In block","MTY-NLU","VB","J","VB 7383","02FEB 14:45","Take off","NLU-MTY","VB","J","VB 7820","02FEB 15:50",
"In block","TGZ-NLU","VB","J","VB 7429","02FEB 15:45","Take off","NLU-TIJ","VB","J","VB 7429","02FEB 16:25",
"In block","TIJ-NLU","VB","J","VB 5070","02FEB 15:35","Take off","NLU-ACA","VB","J","VB 9296","02FEB 16:30",
"In block","CVM-NLU","XN","J","XN 1143","02FEB 14:10","Take off","NLU-MZT","XN","J","XN 1264","02FEB 16:45",
"In block","PUJ-NLU","DM","J","DM 7100","02FEB 15:56","Take off","NLU-PUJ","DM","J","DM 7101","02FEB 16:56",
"In block","CVM-NLU","ZV","J","ZV 363","02FEB 12:05","Take off","NLU-SLP","ZV","J","ZV 340","02FEB 17:10",
"In block","CUN-NLU","Y4","J","Y4 3532","02FEB 16:20","Take off","NLU-GDL","Y4","J","Y4 1293","02FEB 17:15",
"In block","MID-NLU","AM","J","AM 875","02FEB 16:55","Take off","NLU-DGO","AM","J","AM 2600","02FEB 17:35",
"In block","CUN-NLU","AM","J","AM 591","29JAN 11:56","Take off","NLU-CUN","AM","J","AM 596","02FEB 17:41",
"In block","SJD-NLU","Y4","J","Y4 7121","02FEB 17:04","Take off","NLU-MID","Y4","J","Y4 7110","02FEB 17:43",
"In block","MTY-NLU","VB","J","VB 4410","02FEB 17:35","Take off","NLU-MTY","VB","J","VB 4411","02FEB 18:05",
"In block","CUL-NLU","VB","J","VB 7417","02FEB 17:25","Take off","NLU-CUN","VB","J","VB 7417","02FEB 18:10",
"In block","GDL-NLU","VB","J","VB 7304","02FEB 17:40","Take off","NLU-TAM","VB","J","VB 7304","02FEB 18:10",
"In block","REX-NLU","VB","J","VB 9387","02FEB 17:25","Take off","NLU-HMO","VB","J","VB 9304","02FEB 18:20",
"In block","MZT-NLU","VB","J","VB 9235","02FEB 17:40","Take off","NLU-SJD","VB","J","VB 9496","02FEB 18:25",
"In block","CJS-NLU","VB","J","VB 7434","02FEB 17:55","Take off","NLU-VER","VB","J","VB 7434","02FEB 18:35",
"In block","MTY-NLU","VB","J","VB 4412","02FEB 18:05","Take off","NLU-MTY","VB","J","VB 4413","02FEB 18:50",
"In block","CUN-NLU","VB","J","VB 2284","02FEB 18:35","Take off","NLU-PXM","VB","J","VB 7282","02FEB 18:50",
"In block","SLW-NLU","VB","J","VB 9395","02FEB 17:15","Take off","NLU-BOG","VB","J","VB 770","02FEB 19:00",
"In block","MAM-NLU","VB","J","VB 9533","02FEB 18:20","Take off","NLU-GDL","VB","J","VB 9522","02FEB 19:00",
"In block","OAX-NLU","VB","J","VB 7009","02FEB 18:25","Take off","NLU-CUN","VB","J","VB 7009","02FEB 19:00",
"In block","MID-NLU","VB","J","VB 7282","02FEB 18:10","Take off","NLU-MID","VB","J","VB 9410","02FEB 19:15",
"In block","IZT-NLU","XN","J","XN 1993","02FEB 15:30","Take off","NLU-MTY","XN","J","XN 1106","02FEB 19:20",
"In block","PVR-NLU","XN","J","XN 1443","02FEB 17:55","Take off","NLU-GDL","XN","J","XN 1436","02FEB 20:00",
"In block","PVR-NLU","AM","J","AM 881","02FEB 20:00","Take off","NLU-OAX","AM","J","AM 2042","02FEB 20:35",
"In block","MTY-NLU","AM","J","AM 995Z","02FEB 20:14","Take off","NLU-GDL","AM","J","AM 284","02FEB 20:54",
"In block","OAX-NLU","AM","J","AM 2041","02FEB 20:50","Take off","NLU-VER","AM","J","AM 872","02FEB 21:30",
"In block","TAM-NLU","VB","J","VB 7305","02FEB 21:00","Take off","NLU-GDL","VB","J","VB 7305","02FEB 21:30",
"In block","SJD-NLU","XN","J","XN 1233","02FEB 15:25","Take off","NLU-TIJ","XN","J","XN 1204","02FEB 21:55",
"In block","DGO-NLU","AM","J","AM 2469","02FEB 21:17","Take off","NLU-MTY","AM","J","AM 998","02FEB 21:57",
"In block","VER-NLU","VB","J","VB 7435","02FEB 21:30","Take off","NLU-CJS","VB","J","VB 7435","02FEB 22:10",
"In block","PXM-NLU","VB","J","VB 7283","02FEB 22:10","Take off","NLU-MID","VB","J","VB 7283","02FEB 22:50",
"In block","TIJ-NLU","Y4","J","Y4 3296","02FEB 22:37","Take off","NLU-TIJ","Y4","J","Y4 3297","02FEB 23:19",
"In block","SDQ-NLU","DM","J","DM 4158","02FEB 22:44","Take off","NLU-SDQ","DM","J","DM 4159","02FEB 23:44",
"In block","ACA-NLU","VB","J","VB 9297","02FEB 19:25","Take off","NLU-HAV","VB","J","VB 842","03FEB 06:00",
"In block","MTY-NLU","XN","J","XN 1107","02FEB 22:55","Take off","NLU-MTY","XN","J","XN 1100","03FEB 06:00",
"In block","SJD-NLU","VB","J","VB 9497","02FEB 23:20","Take off","NLU-GDL","VB","J","VB 9520","03FEB 06:00",
"In block","MTY-NLU","VB","J","VB 9405","03FEB 00:25","Take off","NLU-MTY","VB","J","VB 7378","03FEB 06:00",
"In block","GDL-NLU","Y4","J","Y4 1292","02FEB 20:28","Take off","NLU-MID","Y4","J","Y4 7110","03FEB 06:09",
"In block","CUN-NLU","VB","J","VB 2288","02FEB 23:50","Take off","NLU-CUN","VB","J","VB 2281","03FEB 06:20",
"In block","MID-NLU","Y4","J","Y4 7111","02FEB 21:53","Take off","NLU-GDL","Y4","J","Y4 1291","03FEB 06:30",
"In block","GDL-NLU","XN","J","XN 1437","02FEB 23:00","Take off","NLU-GDL","XN","J","XN 1430","03FEB 06:30",
"In block","BOG-NLU","VB","J","VB 771","03FEB 05:15","Take off","NLU-PXM","VB","J","VB 9222","03FEB 06:40",
"In block","HMO-NLU","VB","J","VB 9305","03FEB 00:20","Take off","NLU-TIJ","VB","J","VB 5069","03FEB 08:00",
"In block","GDL-NLU","VB","J","VB 7240","03FEB 07:15","Take off","NLU-TQO","VB","J","VB 7240","03FEB 08:00",
"In block","SLP-NLU","ZV","J","ZV 341","03FEB 07:30","Take off","NLU-CVM","ZV","J","ZV 362","03FEB 08:00",
"In block","BJX-NLU","VB","J","VB 7344","03FEB 07:30","Take off","NLU-CUU","VB","J","VB 7344","03FEB 08:00",
"In block","MTY-NLU","VB","J","VB 7332","03FEB 07:35","Take off","NLU-VSA","VB","J","VB 7332","03FEB 08:05",
"In block","GDL-NLU","AM","J","AM 287","03FEB 07:35","Take off","NLU-TQO","AM","J","AM 592","03FEB 08:16",
"In block","VER-NLU","AM","J","AM 871","03FEB 07:44","Take off","NLU-CLQ","AM","J","AM 2436","03FEB 08:24",
"In block","GDL-NLU","VB","J","VB 9523","02FEB 22:10","Take off","NLU-TPQ","VB","J","VB 9428","03FEB 08:30",
"In block","CUN-NLU","VB","J","VB 2272","03FEB 07:30","Take off","NLU-CUN","VB","J","VB 2273","03FEB 08:30",
"In block","MID-NLU","VB","J","VB 7350","03FEB 07:55","Take off","NLU-PVR","VB","J","VB 7350","03FEB 08:35",
"In block","MZT-NLU","XN","J","XN 1265","02FEB 20:35","Take off","NLU-TQO","XN","J","XN 1780","03FEB 08:50",
"In block","GDL-NLU","VB","J","VB 9521","03FEB 09:15","Take off","NLU-ZIH","VB","J","VB 9312","03FEB 10:00",
"In block","PXM-NLU","VB","J","VB 9223","03FEB 09:50","Take off","NLU-HUX","VB","J","VB 9294","03FEB 10:35",
"In block","GDL-NLU","XN","J","XN 1431","03FEB 09:30","Take off","NLU-PQM","XN","J","XN 1922","03FEB 10:40",
"In block","GDL-NLU","Y4","J","Y4 1290","03FEB 09:43","Take off","NLU-CUN","Y4","J","Y4 3533","03FEB 10:44",
"In block","MTY-NLU","XN","J","XN 1101","03FEB 09:40","Take off","NLU-CTM","XN","J","XN 1732","03FEB 10:50",
"In block","MID-NLU","VB","J","VB 9411","02FEB 23:40","Take off","NLU-MTY","VB","J","VB 9402","03FEB 11:05",
"In block","TIJ-NLU","VB","J","VB 7428","03FEB 11:15","Take off","NLU-TGZ","VB","J","VB 7428","03FEB 11:55",
"In block","VSA-NLU","VB","J","VB 7333","03FEB 11:45","Take off","NLU-MTY","VB","J","VB 7333","03FEB 12:20",
"In block","CLQ-NLU","AM","J","AM 2437","03FEB 11:43","Take off","NLU-MID","AM","J","AM 878","03FEB 12:23",
"In block","CVM-NLU","ZV","J","ZV 363","03FEB 12:05","Take off","NLU-CVM","ZV","J","ZV 360","03FEB 12:35",
"In block","CUN-NLU","VB","J","VB 7416","03FEB 12:00","Take off","NLU-CUL","VB","J","VB 7416","03FEB 12:50",
"In block","PVR-NLU","VB","J","VB 7351","03FEB 12:20","Take off","NLU-MID","VB","J","VB 7351","03FEB 13:00",
"In block","TPQ-NLU","VB","J","VB 9429","03FEB 12:10","Take off","NLU-SLW","VB","J","VB 9394","03FEB 13:35",
"In block","ZIH-NLU","VB","J","VB 9313","03FEB 12:45","Take off","NLU-NLD","VB","J","VB 9450","03FEB 13:35",
"In block","CUU-NLU","VB","J","VB 7345","03FEB 13:05","Take off","NLU-BJX","VB","J","VB 7345","03FEB 13:35",
"In block","TQO-NLU","VB","J","VB 7241","03FEB 12:55","Take off","NLU-GDL","VB","J","VB 7241","03FEB 13:40",
"In block","TQO-NLU","AM","J","AM 593","03FEB 13:17","Take off","NLU-PVR","AM","J","AM 880","03FEB 14:11",
"In block","TQO-NLU","XN","J","XN 1781","03FEB 13:35","Take off","NLU-MID","XN","J","XN 1764","03FEB 14:30",
"In block","HUX-NLU","VB","J","VB 9295","03FEB 13:55","Take off","NLU-MAM","VB","J","VB 9532","03FEB 14:45",
"In block","MID-NLU","Y4","J","Y4 7113","03FEB 14:41","Take off","NLU-LAP","Y4","J","Y4 7170","03FEB 15:22",
"In block","CUN-NLU","VB","J","VB 2278","03FEB 15:05","Take off","NLU-CUN","VB","J","VB 2279","03FEB 15:45",
"In block","CCS-NLU","V0","J","V0 3726","03FEB 13:00","Take off","NLU-CCS","V0","J","V0 3727","03FEB 16:00",
"In block","TGZ-NLU","VB","J","VB 7429","03FEB 15:45","Take off","NLU-TIJ","VB","J","VB 7429","03FEB 16:25",
"In block","CVM-NLU","ZV","J","ZV 361","03FEB 16:40","Take off","NLU-SLP","ZV","J","ZV 340","03FEB 17:10",
"In block","CUN-NLU","Y4","J","Y4 3532","03FEB 16:20","Take off","NLU-GDL","Y4","J","Y4 1293","03FEB 17:15",
"In block","MID-NLU","AM","J","AM 875","03FEB 16:55","Take off","NLU-DGO","AM","J","AM 2600","03FEB 17:35",
"In block","CUN-NLU","AM","J","AM 591","03FEB 11:56","Take off","NLU-CUN","AM","J","AM 1596","03FEB 17:41",
"In block","MTY-NLU","VB","J","VB 7016","03FEB 17:25","Take off","NLU-ACA","VB","J","VB 7016","03FEB 17:55",
"In block","CUL-NLU","VB","J","VB 7417","03FEB 17:25","Take off","NLU-CUN","VB","J","VB 7417","03FEB 18:10",
"In block","GDL-NLU","VB","J","VB 7304","03FEB 17:40","Take off","NLU-TAM","VB","J","VB 7304","03FEB 18:10",
"In block","MTY-NLU","AM","J","AM 995","03FEB 17:00","Take off","NLU-GDL","AM","J","AM 284","03FEB 18:18",
"In block","NLD-NLU","VB","J","VB 9451","03FEB 17:30","Take off","NLU-HMO","VB","J","VB 9304","03FEB 18:20",
"In block","PVR-NLU","AM","J","AM 881","03FEB 17:55","Take off","NLU-OAX","AM","J","AM 2042","03FEB 18:35",
"In block","MTY-NLU","VB","J","VB 9401","03FEB 10:20","Take off","NLU-MID","VB","J","VB 6017","03FEB 18:55",
"In block","SLW-NLU","VB","J","VB 9395","03FEB 17:15","Take off","NLU-BOG","VB","J","VB 770","03FEB 19:00",
"In block","PQM-NLU","XN","J","XN 1923","03FEB 14:45","Take off","NLU-MTY","XN","J","XN 1106","03FEB 19:20",
"In block","MID-NLU","XN","J","XN 1765","03FEB 18:50","Take off","NLU-GDL","XN","J","XN 1436","03FEB 20:00",
"In block","ACA-NLU","VB","J","VB 7017","03FEB 20:50","Take off","NLU-MTY","VB","J","VB 7017","03FEB 21:20",
"In block","OAX-NLU","AM","J","AM 2041","03FEB 20:50","Take off","NLU-VER","AM","J","AM 872","03FEB 21:30",
"In block","TAM-NLU","VB","J","VB 7305","03FEB 21:00","Take off","NLU-GDL","VB","J","VB 7305","03FEB 21:30",
"In block","CTM-NLU","XN","J","XN 1733","03FEB 15:25","Take off","NLU-TIJ","XN","J","XN 1204","03FEB 21:55",
"In block","DGO-NLU","AM","J","AM 2469","03FEB 21:17","Take off","NLU-MTY","AM","J","AM 998","03FEB 21:57",
"In block","CJS-NLU","VB","J","VB 9329","03FEB 17:55","Take off","NLU-CJS","VB","J","VB 9328","03FEB 22:10",
"In block","TIJ-NLU","Y4","J","Y4 3296","03FEB 22:37","Take off","NLU-TIJ","Y4","J","Y4 3297","03FEB 23:19",
"In block","PUJ-NLU","DM","J","DM 7104","03FEB 23:32","Take off","NLU-PUJ","DM","J","DM 7105","04FEB 00:32",
"In block","GDL-NLU","Y4","J","Y4 1292","03FEB 20:28","Take off","NLU-BOG","Y4","J","Y4 3960","04FEB 00:36",
"In block","MTY-NLU","VB","J","VB 7379","03FEB 14:50","Take off","NLU-MID","VB","J","VB 9412","04FEB 06:00",
"In block","TIJ-NLU","VB","J","VB 5070","03FEB 15:35","Take off","NLU-GDL","VB","J","VB 9520","04FEB 06:00",
"In block","MID-NLU","VB","J","VB 6016","03FEB 18:10","Take off","NLU-MTY","VB","J","VB 7382","04FEB 06:00",
"In block","GDL-NLU","XN","J","XN 1437","03FEB 23:00","Take off","NLU-MTY","XN","J","XN 1100","04FEB 06:00",
"In block","CUN-NLU","VB","J","VB 2288","03FEB 23:50","Take off","NLU-CUN","VB","J","VB 2281","04FEB 06:20",
"In block","LAP-NLU","Y4","J","Y4 7171","03FEB 20:23","Take off","NLU-GDL","Y4","J","Y4 1291","04FEB 06:30",
"In block","MTY-NLU","XN","J","XN 1107","03FEB 22:55","Take off","NLU-GDL","XN","J","XN 1430","04FEB 06:30",
"In block","HMO-NLU","VB","J","VB 9305","04FEB 00:20","Take off","NLU-PXM","VB","J","VB 9222","04FEB 06:40",
"In block","MID-NLU","XN","J","XN 1765","02FEB 20:00","Take off","NLU-MID","XN","J","XN 1760","04FEB 06:50",
"In block","HAV-NLU","VB","J","VB 843","03FEB 12:55","Take off","NLU-TIJ","VB","J","VB 5069","04FEB 08:00",
"In block","GDL-NLU","VB","J","VB 7240","04FEB 07:15","Take off","NLU-TQO","VB","J","VB 7240","04FEB 08:00",
"In block","BJX-NLU","VB","J","VB 7344","04FEB 07:30","Take off","NLU-CUU","VB","J","VB 7344","04FEB 08:00",
"In block","MTY-NLU","VB","J","VB 7332","04FEB 07:35","Take off","NLU-VSA","VB","J","VB 7332","04FEB 08:05",
"In block","GDL-NLU","AM","J","AM 287","04FEB 07:35","Take off","NLU-TQO","AM","J","AM 592","04FEB 08:16",
"In block","MAM-NLU","VB","J","VB 9533","03FEB 18:20","Take off","NLU-NLD","VB","J","VB 9450","04FEB 08:20",
"In block","VER-NLU","AM","J","AM 871","04FEB 07:44","Take off","NLU-CLQ","AM","J","AM 2436","04FEB 08:24",
"In block","BOG-NLU","VB","J","VB 771","04FEB 05:15","Take off","NLU-CTM","VB","J","VB 9462","04FEB 08:25",
"In block","CUN-NLU","VB","J","VB 2272","04FEB 07:30","Take off","NLU-CUN","VB","J","VB 2273","04FEB 08:30",
"In block","MID-NLU","VB","J","VB 7350","04FEB 07:55","Take off","NLU-PVR","VB","J","VB 7350","04FEB 08:35",
"In block","TIJ-NLU","XN","J","XN 1205","04FEB 05:30","Take off","NLU-TQO","XN","J","XN 1780","04FEB 08:50",
"In block","GDL-NLU","VB","J","VB 9521","04FEB 09:15","Take off","NLU-ZIH","VB","J","VB 9312","04FEB 10:00",
"In block","GDL-NLU","XN","J","XN 1431","04FEB 09:30","Take off","NLU-CPE","XN","J","XN 1700","04FEB 10:30",
"In block","PXM-NLU","VB","J","VB 9223","04FEB 09:50","Take off","NLU-HUX","VB","J","VB 9294","04FEB 10:35",
"In block","GDL-NLU","Y4","J","Y4 1290","04FEB 09:43","Take off","NLU-CUN","Y4","J","Y4 3533","04FEB 10:44",
"In block","MTY-NLU","XN","J","XN 1101","04FEB 09:40","Off block","NLU-CVM","XN","J","XN 1142","04FEB 11:00",
"In block","MTY-NLU","VB","J","VB 9401","04FEB 10:20","Off block","NLU-MTY","VB","J","VB 9402","04FEB 11:05",
"In block","TIJ-NLU","VB","J","VB 7428","04FEB 11:15","Waiting for TOBT","NLU-TGZ","VB","J","VB 7428","04FEB 11:55",
"In block","MID-NLU","XN","J","XN 1761","04FEB 11:10","Waiting for TOBT","NLU-IZT","XN","J","XN 1992","04FEB 12:10",
"Landed","BOG-NLU","Y4","J","Y4 3961","04FEB 10:49","TOBT confirmation","NLU-SJD","Y4","J","Y4 7120","04FEB 12:14",
"Landed","CPE-NLU","XN","J","XN 1701","04FEB 14:40","Flight activated","NLU-TQO","XN","J","XN 1780","05FEB 08:50",
"Departed from previous airport","VSA-NLU","VB","J","VB 7333","04FEB 11:45","Departed from previous airport","NLU-MTY","VB","J","VB 7333","04FEB 12:20",
"Departed from previous airport","CLQ-NLU","AM","J","AM 2437","04FEB 11:43","Departed from previous airport","NLU-MID","AM","J","AM 878","04FEB 12:23",
"Departed from previous airport","CUN-NLU","VB","J","VB 7416","04FEB 12:00","Departed from previous airport","NLU-CUL","VB","J","VB 7416","04FEB 12:50",
"Departed from previous airport","PVR-NLU","VB","J","VB 7351","04FEB 12:20","Departed from previous airport","NLU-MID","VB","J","VB 7351","04FEB 13:00",
"Departed from previous airport","CUN-NLU","AM","J","AM 591","04FEB 11:54","Flight activated","NLU-CUN","AM","J","AM 596","04FEB 13:34",
"Departed from previous airport","NLD-NLU","VB","J","VB 9451","04FEB 12:05","Flight activated","NLU-SLW","VB","J","VB 9394","04FEB 13:35",
"Departed from previous airport","CUU-NLU","VB","J","VB 7345","04FEB 13:05","Flight activated","NLU-BJX","VB","J","VB 7345","04FEB 13:35",
"Departed from previous airport","TQO-NLU","VB","J","VB 7241","04FEB 12:55","Flight activated","NLU-GDL","VB","J","VB 7241","04FEB 13:40",
"Departed from previous airport","CTM-NLU","VB","J","VB 9463","04FEB 13:05","Flight activated","NLU-REX","VB","J","VB 9386","04FEB 14:05",
"Departed from previous airport","TQO-NLU","AM","J","AM 593","04FEB 13:17","Flight activated","NLU-PVR","AM","J","AM 880","04FEB 14:11",
"Flight activated","CUN-NLU","Y4","J","Y4 3532","04FEB 16:20","Flight activated","NLU-GDL","Y4","J","Y4 1293","04FEB 17:15",
"Flight activated","MID-NLU","AM","J","AM 875","04FEB 16:55","Flight activated","NLU-DGO","AM","J","AM 2600","04FEB 17:35",
"Flight activated","SJD-NLU","Y4","J","Y4 7121","04FEB 17:04","Flight activated","NLU-MID","Y4","J","Y4 7110","04FEB 17:43",
"Flight scheduled","ZIH-NLU","VB","J","VB 9313","04FEB 12:45","Flight activated","NLU-MZT","VB","J","VB 9234","04FEB 13:40",
"Flight scheduled","HUX-NLU","VB","J","VB 9295","04FEB 13:55","Flight activated","NLU-MAM","VB","J","VB 9532","04FEB 14:45",
"Flight scheduled","CUN-NLU","VB","J","VB 7008","04FEB 15:05","Flight activated","NLU-OAX","VB","J","VB 7008","04FEB 15:40",
"Flight scheduled","TGZ-NLU","VB","J","VB 7429","04FEB 15:45","Flight activated","NLU-TIJ","VB","J","VB 7429","04FEB 16:25",
"Flight scheduled","MTY-NLU","AM","J","AM 995","04FEB 17:09","Flight activated","NLU-MTY","AM","J","AM 998","04FEB 17:54",
"Flight scheduled","SLW-NLU","VB","J","VB 9395","04FEB 17:15","Flight activated","NLU-LAP","VB","J","VB 9298","04FEB 17:55",
"Flight scheduled","MTY-NLU","VB","J","VB 7016","04FEB 17:25","Flight activated","NLU-ACA","VB","J","VB 7016","04FEB 17:55",
"Flight scheduled","CUL-NLU","VB","J","VB 7417","04FEB 17:25","Flight activated","NLU-CUN","VB","J","VB 7417","04FEB 18:10",
"Flight scheduled","GDL-NLU","VB","J","VB 7304","04FEB 17:40","Flight activated","NLU-TAM","VB","J","VB 7304","04FEB 18:10",
"Flight scheduled","MZT-NLU","VB","J","VB 9235","04FEB 17:40","Flight activated","NLU-HMO","VB","J","VB 9304","04FEB 18:20",
"Flight scheduled","PVR-NLU","AM","J","AM 881","04FEB 17:55","Flight activated","NLU-OAX","AM","J","AM 2042","04FEB 18:35",
"Flight scheduled","CJS-NLU","VB","J","VB 7434","04FEB 17:55","Flight activated","NLU-VER","VB","J","VB 7434","04FEB 18:35",
"Flight scheduled","MID-NLU","VB","J","VB 7282","04FEB 18:10","Flight activated","NLU-PXM","VB","J","VB 7282","04FEB 18:50",
"Flight scheduled","REX-NLU","VB","J","VB 9387","04FEB 17:30","Flight activated","NLU-BOG","VB","J","VB 770","04FEB 19:00",
"Flight scheduled","OAX-NLU","VB","J","VB 7009","04FEB 18:25","Flight activated","NLU-CUN","VB","J","VB 7009","04FEB 19:00",
"Flight scheduled","CVM-NLU","XN","J","XN 1143","04FEB 14:10","Flight activated","NLU-MTY","XN","J","XN 1106","04FEB 19:20",
"Flight scheduled","TQO-NLU","XN","J","XN 1781","04FEB 13:35","Flight activated","NLU-GDL","XN","J","XN 1436","04FEB 20:00",
"Flight scheduled","PUJ-NLU","DM","J","DM 7100","04FEB 19:39","Flight activated","NLU-PUJ","DM","J","DM 7101","04FEB 20:39",
"Flight scheduled","ACA-NLU","VB","J","VB 7017","04FEB 20:50","Flight activated","NLU-MTY","VB","J","VB 7017","04FEB 21:20",
"Flight scheduled","OAX-NLU","AM","J","AM 2041","04FEB 20:50","Flight activated","NLU-VER","AM","J","AM 872","04FEB 21:30",
"Flight scheduled","TAM-NLU","VB","J","VB 7305","04FEB 21:00","Flight activated","NLU-GDL","VB","J","VB 7305","04FEB 21:30",
"Flight scheduled","GDL-NLU","AM","J","AM 1287","04FEB 20:59","Flight activated","NLU-GDL","AM","J","AM 284","04FEB 21:44",
"Flight scheduled","IZT-NLU","XN","J","XN 1993","04FEB 15:30","Flight activated","NLU-TIJ","XN","J","XN 1204","04FEB 21:55",
"Flight scheduled","VER-NLU","VB","J","VB 7435","04FEB 21:30","Flight activated","NLU-CJS","VB","J","VB 7435","04FEB 22:10",
"Flight scheduled","PXM-NLU","VB","J","VB 7283","04FEB 22:10","Flight activated","NLU-MID","VB","J","VB 7283","04FEB 22:50",
"Flight scheduled","TIJ-NLU","Y4","J","Y4 3296","04FEB 22:37","Flight activated","NLU-TIJ","Y4","J","Y4 3297","04FEB 23:19",
"Flight scheduled","SDQ-NLU","DM","J","DM 4158","04FEB 22:44","Flight activated","NLU-SDQ","DM","J","DM 4159","04FEB 23:44",
"Flight scheduled","MID-NLU","VB","J","VB 9413","04FEB 16:10","Flight activated","NLU-GDL","VB","J","VB 9520","05FEB 06:00",
"Flight scheduled","GDL-NLU","XN","J","XN 1437","04FEB 23:00","Flight activated","NLU-MTY","XN","J","XN 1100","05FEB 06:00",
"Flight scheduled","CUN-NLU","VB","J","VB 2288","04FEB 23:50","Flight activated","NLU-MTY","VB","J","VB 7378","05FEB 06:00",
"Flight scheduled","MTY-NLU","VB","J","VB 7383","04FEB 14:45","Flight activated","NLU-CUN","VB","J","VB 2281","05FEB 06:20",
"Flight scheduled","MID-NLU","Y4","J","Y4 7111","04FEB 21:53","Flight activated","NLU-GDL","Y4","J","Y4 1291","05FEB 06:30",
"Flight scheduled","TIJ-NLU","XN","J","XN 1205","05FEB 05:30","Flight activated","NLU-GDL","XN","J","XN 1430","05FEB 06:30",
"Flight scheduled","LAP-NLU","VB","J","VB 9299","04FEB 22:50","Flight activated","NLU-PXM","VB","J","VB 9222","05FEB 06:40",
"Flight scheduled","TIJ-NLU","VB","J","VB 5070","04FEB 15:35","Flight activated","NLU-TIJ","VB","J","VB 5069","05FEB 08:00",
"Flight scheduled","GDL-NLU","VB","J","VB 7240","05FEB 07:15","Flight activated","NLU-TQO","VB","J","VB 7240","05FEB 08:00",
"Flight scheduled","SLP-NLU","ZV","J","ZV 341","05FEB 07:30","Flight activated","NLU-CVM","ZV","J","ZV 362","05FEB 08:00",
"Flight scheduled","BJX-NLU","VB","J","VB 7344","05FEB 07:30","Flight activated","NLU-CUU","VB","J","VB 7344","05FEB 08:00",
"Flight scheduled","MTY-NLU","VB","J","VB 7332","05FEB 07:35","Flight activated","NLU-VSA","VB","J","VB 7332","05FEB 08:05",
"Flight scheduled","HMO-NLU","VB","J","VB 9305","05FEB 00:20","Flight activated","NLU-NLD","VB","J","VB 9450","05FEB 08:20",
"Flight scheduled","DGO-NLU","AM","J","AM 2469","04FEB 21:17","Flight activated","NLU-CLQ","AM","J","AM 2436","05FEB 08:29",
"Flight scheduled","BOG-NLU","VB","J","VB 771","05FEB 05:15","Flight activated","NLU-TPQ","VB","J","VB 9428","05FEB 08:30",
"Flight scheduled","CUN-NLU","VB","J","VB 2272","05FEB 07:30","Flight activated","NLU-CUN","VB","J","VB 2273","05FEB 08:30",
"Flight scheduled","VER-NLU","AM","J","AM 871","05FEB 07:50","Flight activated","NLU-TQO","AM","J","AM 592","05FEB 08:30",
"Flight scheduled","MID-NLU","VB","J","VB 7350","05FEB 07:55","Flight activated","NLU-PVR","VB","J","VB 7350","05FEB 08:35",
"Flight scheduled","GDL-NLU","Y4","J","Y4 1292","04FEB 20:28","Flight activated","NLU-MID","Y4","J","Y4 7110","05FEB 10:00",
"Flight scheduled","GDL-NLU","VB","J","VB 9521","05FEB 09:15","Flight activated","NLU-ZIH","VB","J","VB 9312","05FEB 10:00",
"Flight scheduled","PUJ-NLU","DM","J","DM 7106","05FEB 09:23","Flight activated","NLU-PUJ","DM","J","DM 7107","05FEB 10:23",
"Flight scheduled","PXM-NLU","VB","J","VB 9223","05FEB 09:50","Flight activated","NLU-HUX","VB","J","VB 9294","05FEB 10:35",
"Flight scheduled","MTY-NLU","XN","J","XN 1107","04FEB 22:55","Flight activated","NLU-PQM","XN","J","XN 1922","05FEB 10:40",
"Flight scheduled","GDL-NLU","XN","J","XN 1431","05FEB 09:30","Flight activated","NLU-SJD","XN","J","XN 1232","05FEB 10:40",
"Flight scheduled","GDL-NLU","Y4","J","Y4 1290","05FEB 09:43","Flight scheduled","NLU-CUN","Y4","J","Y4 3533","05FEB 10:44",
"Flight scheduled","MTY-NLU","XN","J","XN 1101","05FEB 09:40","Flight scheduled","NLU-ZIH","XN","J","XN 1952","05FEB 11:00",
"Flight scheduled","MTY-NLU","VB","J","VB 9401","05FEB 10:20","Flight scheduled","NLU-MTY","VB","J","VB 9402","05FEB 11:05",
"Flight scheduled","TIJ-NLU","VB","J","VB 7428","05FEB 11:15","Flight scheduled","NLU-TGZ","VB","J","VB 7428","05FEB 11:55",
"Flight scheduled","VSA-NLU","VB","J","VB 7333","05FEB 11:45","Flight scheduled","NLU-MTY","VB","J","VB 7333","05FEB 12:20",
"Flight scheduled","CLQ-NLU","AM","J","AM 2437","05FEB 11:43","Flight scheduled","NLU-MID","AM","J","AM 878","05FEB 12:23",
"Flight scheduled","CVM-NLU","ZV","J","ZV 363","05FEB 12:05","Flight scheduled","NLU-CVM","ZV","J","ZV 360","05FEB 12:35",
"Flight scheduled","NLD-NLU","VB","J","VB 9451","05FEB 12:05","Flight scheduled","NLU-LAP","VB","J","VB 9298","05FEB 12:35",
"Flight scheduled","CUN-NLU","VB","J","VB 7416","05FEB 12:00","Flight scheduled","NLU-CUL","VB","J","VB 7416","05FEB 12:50",
"Flight scheduled","TPQ-NLU","VB","J","VB 9429","05FEB 12:10","Flight scheduled","NLU-CUN","VB","J","VB 2283","05FEB 13:00",
"Flight scheduled","PVR-NLU","VB","J","VB 7351","05FEB 12:20","Flight scheduled","NLU-MID","VB","J","VB 7351","05FEB 13:00",
"Flight scheduled","CUN-NLU","AM","J","AM 591","05FEB 11:56","Flight scheduled","NLU-CUN","AM","J","AM 596","05FEB 13:34",
"Flight scheduled","CUU-NLU","VB","J","VB 7345","05FEB 13:05","Flight scheduled","NLU-BJX","VB","J","VB 7345","05FEB 13:35",
"Flight scheduled","ZIH-NLU","VB","J","VB 9313","05FEB 12:45","Flight scheduled","NLU-SLW","VB","J","VB 9394","05FEB 13:40",
"Flight scheduled","TQO-NLU","VB","J","VB 7241","05FEB 12:55","Flight scheduled","NLU-GDL","VB","J","VB 7241","05FEB 13:40",
"Flight scheduled","MAM-NLU","VB","J","VB 9533","04FEB 18:20","Flight scheduled","NLU-REX","VB","J","VB 9386","05FEB 14:05",
"Flight scheduled","TQO-NLU","AM","J","AM 593","05FEB 13:32","Flight scheduled","NLU-PVR","AM","J","AM 880","05FEB 14:12",
"Flight scheduled","HUX-NLU","VB","J","VB 9295","05FEB 13:55","Flight scheduled","NLU-MAM","VB","J","VB 9532","05FEB 14:45",
"Flight scheduled","MID-NLU","Y4","J","Y4 7113","05FEB 14:41","Flight scheduled","NLU-LAP","Y4","J","Y4 7170","05FEB 15:22",
"Flight scheduled","CUN-NLU","VB","J","VB 7008","05FEB 15:05","Flight scheduled","NLU-OAX","VB","J","VB 7008","05FEB 15:40",
"Flight scheduled","SJD-NLU","XN","J","XN 1233","05FEB 15:25","Flight scheduled","NLU-MID","XN","J","XN 1764","05FEB 15:40",
"Flight scheduled","MTY-NLU","VB","J","VB 7379","05FEB 14:50","Flight scheduled","NLU-MTY","VB","J","VB 9404","05FEB 15:50",
"Flight scheduled","CCS-NLU","V0","J","V0 3726","05FEB 13:00","Flight scheduled","NLU-CCS","V0","J","V0 3727","05FEB 16:00",
"Flight scheduled","TGZ-NLU","VB","J","VB 7429","05FEB 15:45","Flight scheduled","NLU-TIJ","VB","J","VB 7429","05FEB 16:25",
"Flight scheduled","TIJ-NLU","VB","J","VB 5070","05FEB 15:35","Flight scheduled","NLU-CUN","VB","J","VB 2279","05FEB 16:30",
"Flight scheduled","CVM-NLU","ZV","J","ZV 361","05FEB 16:40","Flight scheduled","NLU-SLP","ZV","J","ZV 340","05FEB 17:10",
"Flight scheduled","CUN-NLU","Y4","J","Y4 3532","05FEB 16:20","Flight scheduled","NLU-GDL","Y4","J","Y4 1293","05FEB 17:15",
"Flight scheduled","MID-NLU","AM","J","AM 875","05FEB 16:50","Flight scheduled","NLU-DGO","AM","J","AM 2600","05FEB 17:30",
"Flight scheduled","MTY-NLU","VB","J","VB 7016","05FEB 17:25","Flight scheduled","NLU-ACA","VB","J","VB 7016","05FEB 17:55",
"Flight scheduled","CUL-NLU","VB","J","VB 7417","05FEB 17:25","Flight scheduled","NLU-CUN","VB","J","VB 7417","05FEB 18:10",
"Flight scheduled","GDL-NLU","VB","J","VB 7304","05FEB 17:40","Flight scheduled","NLU-TAM","VB","J","VB 7304","05FEB 18:10",
"Flight scheduled","LAP-NLU","VB","J","VB 9303","05FEB 17:30","Flight scheduled","NLU-HMO","VB","J","VB 9304","05FEB 18:20",
"Flight scheduled","SLW-NLU","VB","J","VB 9395","05FEB 17:25","Flight scheduled","NLU-SJD","VB","J","VB 9496","05FEB 18:25",
"Flight scheduled","CJS-NLU","VB","J","VB 7434","05FEB 17:55","Flight scheduled","NLU-VER","VB","J","VB 7434","05FEB 18:35",
"Flight scheduled","PVR-NLU","AM","J","AM 881","05FEB 17:58","Flight scheduled","NLU-OAX","AM","J","AM 2042","05FEB 18:38",
"Flight scheduled","MID-NLU","VB","J","VB 7282","05FEB 18:10","Flight scheduled","NLU-PXM","VB","J","VB 7282","05FEB 18:50",
"Flight scheduled","REX-NLU","VB","J","VB 9387","05FEB 17:30","Flight scheduled","NLU-BOG","VB","J","VB 770","05FEB 19:00",
"Flight scheduled","OAX-NLU","VB","J","VB 7009","05FEB 18:25","Flight scheduled","NLU-CUN","VB","J","VB 7009","05FEB 19:00",
"Flight scheduled","CTM-NLU","XN","J","XN 1733","05FEB 15:25","Flight scheduled","NLU-MTY","XN","J","XN 1106","05FEB 19:20",
"Flight scheduled","PQM-NLU","XN","J","XN 1923","05FEB 14:45","Flight scheduled","NLU-GDL","XN","J","XN 1436","05FEB 20:00",
"Flight scheduled","MTY-NLU","AM","J","AM 995","05FEB 20:02","Flight scheduled","NLU-GDL","AM","J","AM 284","05FEB 20:40",
"Flight scheduled","ACA-NLU","VB","J","VB 7017","05FEB 20:50","Flight scheduled","NLU-MTY","VB","J","VB 7017","05FEB 21:20",
"Flight scheduled","OAX-NLU","AM","J","AM 2041","05FEB 20:49","Flight scheduled","NLU-VER","AM","J","AM 872","05FEB 21:30",
"Flight scheduled","TAM-NLU","VB","J","VB 7305","05FEB 21:00","Flight scheduled","NLU-GDL","VB","J","VB 7305","05FEB 21:30",
"Flight scheduled","DGO-NLU","AM","J","AM 2469","05FEB 21:10","Flight scheduled","NLU-MTY","AM","J","AM 998","05FEB 21:50",
"Flight scheduled","MID-NLU","XN","J","XN 1765","05FEB 20:00","Flight scheduled","NLU-TIJ","XN","J","XN 1204","05FEB 21:55",
"Flight scheduled","VER-NLU","VB","J","VB 7435","05FEB 21:30","Flight scheduled","NLU-CJS","VB","J","VB 7435","05FEB 22:10",
"Flight scheduled","PXM-NLU","VB","J","VB 7283","05FEB 22:10","Flight scheduled","NLU-MID","VB","J","VB 7283","05FEB 22:50",
"Flight scheduled","TIJ-NLU","Y4","J","Y4 3296","05FEB 22:37","Flight scheduled","NLU-TIJ","Y4","J","Y4 3297","05FEB 23:19",
"Flight scheduled","SDQ-NLU","DM","J","DM 4100","05FEB 22:44","Flight scheduled","NLU-SDQ","DM","J","DM 4101","05FEB 23:44",
"Flight scheduled","LAP-NLU","Y4","J","Y4 7171","05FEB 20:23","Flight scheduled","NLU-BOG","Y4","J","Y4 3960","06FEB 00:36",
"Flight scheduled","CUN-NLU","VB","J","VB 2284","05FEB 18:25","Flight scheduled","NLU-GDL","VB","J","VB 9520","06FEB 06:00",
"Flight scheduled","SJD-NLU","VB","J","VB 9497","05FEB 23:20","Flight scheduled","NLU-MTY","VB","J","VB 7382","06FEB 06:00",
"Flight scheduled","TIJ-NLU","XN","J","XN 1205","06FEB 05:30","Flight scheduled","NLU-MTY","XN","J","XN 1100","06FEB 06:00",
"Flight scheduled","GDL-NLU","Y4","J","Y4 1292","05FEB 20:28","Flight scheduled","NLU-GDL","Y4","J","Y4 1291","06FEB 06:30",
"Flight scheduled","MTY-NLU","XN","J","XN 1107","05FEB 22:55","Flight scheduled","NLU-GDL","XN","J","XN 1430","06FEB 06:30",
"Flight scheduled","BOG-NLU","VB","J","VB 771","06FEB 05:15","Flight scheduled","NLU-PXM","VB","J","VB 9222","06FEB 06:40",
"Flight scheduled","GDL-NLU","XN","J","XN 1437","05FEB 23:00","Flight scheduled","NLU-MID","XN","J","XN 1760","06FEB 06:50",
"Flight scheduled","CUN-NLU","VB","J","VB 2288","05FEB 23:50","Flight scheduled","NLU-CEN","VB","J","VB 9480","06FEB 06:50",
"Flight scheduled","CUN-NLU","VB","J","VB 2278","05FEB 21:50","Flight scheduled","NLU-TIJ","VB","J","VB 5069","06FEB 08:00",
"Flight scheduled","GDL-NLU","VB","J","VB 7240","06FEB 07:15","Flight scheduled","NLU-TQO","VB","J","VB 7240","06FEB 08:00",
"Flight scheduled","SLP-NLU","ZV","J","ZV 341","06FEB 07:30","Flight scheduled","NLU-CVM","ZV","J","ZV 362","06FEB 08:00",
"Flight scheduled","BJX-NLU","VB","J","VB 7344","06FEB 07:30","Flight scheduled","NLU-CUU","VB","J","VB 7344","06FEB 08:00",
"Flight scheduled","MTY-NLU","VB","J","VB 7332","06FEB 07:35","Flight scheduled","NLU-VSA","VB","J","VB 7332","06FEB 08:05",
"Flight scheduled","MAM-NLU","VB","J","VB 9533","05FEB 18:20","Flight scheduled","NLU-NLD","VB","J","VB 9450","06FEB 08:20",
"Flight scheduled","HMO-NLU","VB","J","VB 9305","06FEB 00:20","Flight scheduled","NLU-CTM","VB","J","VB 9462","06FEB 08:25",
"Flight scheduled","GDL-NLU","AM","J","AM 287","06FEB 07:51","Flight scheduled","NLU-CLQ","AM","J","AM 2436","06FEB 08:29",
"Flight scheduled","CUN-NLU","VB","J","VB 2272","06FEB 07:30","Flight scheduled","NLU-CUN","VB","J","VB 2273","06FEB 08:30",
"Flight scheduled","VER-NLU","AM","J","AM 871","06FEB 07:50","Flight scheduled","NLU-TQO","AM","J","AM 592","06FEB 08:30",
"Flight scheduled","MID-NLU","VB","J","VB 7350","06FEB 07:55","Flight scheduled","NLU-PVR","VB","J","VB 7350","06FEB 08:35",
"Flight scheduled","ZIH-NLU","XN","J","XN 1953","05FEB 14:05","Flight scheduled","NLU-TQO","XN","J","XN 1780","06FEB 08:50",
"Flight scheduled","GDL-NLU","VB","J","VB 9521","06FEB 09:15","Flight scheduled","NLU-ZIH","VB","J","VB 9312","06FEB 10:00",
"Flight scheduled","MTY-NLU","XN","J","XN 1101","06FEB 09:40","Flight scheduled","NLU-CPE","XN","J","XN 1700","06FEB 10:30",
"Flight scheduled","PXM-NLU","VB","J","VB 9223","06FEB 09:50","Flight scheduled","NLU-HUX","VB","J","VB 9294","06FEB 10:35",
"Flight scheduled","GDL-NLU","XN","J","XN 1431","06FEB 09:30","Flight scheduled","NLU-SJD","XN","J","XN 1232","06FEB 10:40",
"Flight scheduled","GDL-NLU","Y4","J","Y4 1290","06FEB 09:43","Flight scheduled","NLU-CUN","Y4","J","Y4 3533","06FEB 10:44",
"Flight scheduled","TQO-NLU","XN","J","XN 1781","05FEB 13:35","Flight scheduled","NLU-ZIH","XN","J","XN 1952","06FEB 11:00",
"Flight scheduled","MTY-NLU","VB","J","VB 9401","06FEB 10:20","Flight scheduled","NLU-MTY","VB","J","VB 9402","06FEB 11:05",
"Flight scheduled","TIJ-NLU","VB","J","VB 7428","06FEB 11:15","Flight scheduled","NLU-TGZ","VB","J","VB 7428","06FEB 11:55",
"Flight scheduled","MID-NLU","XN","J","XN 1761","06FEB 11:10","Flight scheduled","NLU-IZT","XN","J","XN 1992","06FEB 12:10",
"Flight scheduled","BOG-NLU","Y4","J","Y4 3961","06FEB 10:49","Flight scheduled","NLU-SJD","Y4","J","Y4 7120","06FEB 12:14",
"Flight scheduled","VSA-NLU","VB","J","VB 7333","06FEB 11:45","Flight scheduled","NLU-MTY","VB","J","VB 7333","06FEB 12:20",
"Flight scheduled","CLQ-NLU","AM","J","AM 2437","06FEB 11:43","Flight scheduled","NLU-MID","AM","J","AM 878","06FEB 12:23",
"Flight scheduled","CVM-NLU","ZV","J","ZV 363","06FEB 12:05","Flight scheduled","NLU-CVM","ZV","J","ZV 360","06FEB 12:35",
"Flight scheduled","CUN-NLU","VB","J","VB 7416","06FEB 12:00","Flight scheduled","NLU-CUL","VB","J","VB 7416","06FEB 12:50",
"Flight scheduled","PVR-NLU","VB","J","VB 7351","06FEB 12:20","Flight scheduled","NLU-MID","VB","J","VB 7351","06FEB 13:00",
"Flight scheduled","CEN-NLU","VB","J","VB 9481","06FEB 12:10","Flight scheduled","NLU-CUN","VB","J","VB 2283","06FEB 13:10",
"Flight scheduled","CUN-NLU","AM","J","AM 591","06FEB 11:56","Flight scheduled","NLU-CUN","AM","J","AM 596","06FEB 13:34",
"Flight scheduled","NLD-NLU","VB","J","VB 9451","06FEB 12:05","Flight scheduled","NLU-SLW","VB","J","VB 9394","06FEB 13:35",
"Flight scheduled","CUU-NLU","VB","J","VB 7345","06FEB 13:05","Flight scheduled","NLU-BJX","VB","J","VB 7345","06FEB 13:35",
"Flight scheduled","ZIH-NLU","VB","J","VB 9313","06FEB 12:45","Flight scheduled","NLU-MZT","VB","J","VB 9234","06FEB 13:40",
"Flight scheduled","TQO-NLU","VB","J","VB 7241","06FEB 12:55","Flight scheduled","NLU-GDL","VB","J","VB 7241","06FEB 13:40",
"Flight scheduled","CTM-NLU","VB","J","VB 9463","06FEB 13:05","Flight scheduled","NLU-REX","VB","J","VB 9386","06FEB 14:05",
"Flight scheduled","TQO-NLU","AM","J","AM 593","06FEB 13:32","Flight scheduled","NLU-PVR","AM","J","AM 880","06FEB 14:12",
"Flight scheduled","TQO-NLU","XN","J","XN 1781","06FEB 13:35","Flight scheduled","NLU-PVR","XN","J","XN 1442","06FEB 14:35",
"Flight scheduled","HUX-NLU","VB","J","VB 9295","06FEB 13:55","Flight scheduled","NLU-MAM","VB","J","VB 9532","06FEB 14:45",
"Flight scheduled","ZIH-NLU","XN","J","XN 1953","06FEB 14:05","Flight scheduled","NLU-MZT","XN","J","XN 1264","06FEB 14:55",
"Flight scheduled","CPE-NLU","XN","J","XN 1701","06FEB 14:40","Flight scheduled","NLU-CVM","XN","J","XN 1144","06FEB 15:40",
"Flight scheduled","CUN-NLU","VB","J","VB 7008","06FEB 15:05","Flight scheduled","NLU-OAX","VB","J","VB 7008","06FEB 15:40",
"Flight scheduled","MTY-NLU","VB","J","VB 7383","06FEB 14:45","Flight scheduled","NLU-MTY","VB","J","VB 7820","06FEB 15:50",
"Flight scheduled","TGZ-NLU","VB","J","VB 7429","06FEB 15:45","Flight scheduled","NLU-TIJ","VB","J","VB 7429","06FEB 16:25",
"Flight scheduled","TIJ-NLU","VB","J","VB 5070","06FEB 15:35","Flight scheduled","NLU-ACA","VB","J","VB 9296","06FEB 16:30",
"Flight scheduled","CVM-NLU","ZV","J","ZV 361","06FEB 16:40","Flight scheduled","NLU-SLP","ZV","J","ZV 340","06FEB 17:10",
"Flight scheduled","CUN-NLU","Y4","J","Y4 3532","06FEB 16:20","Flight scheduled","NLU-GDL","Y4","J","Y4 1293","06FEB 17:15",
"Flight scheduled","MID-NLU","AM","J","AM 875","06FEB 16:50","Flight scheduled","NLU-DGO","AM","J","AM 2600","06FEB 17:30",
"Flight scheduled","SJD-NLU","Y4","J","Y4 7121","06FEB 17:04","Flight scheduled","NLU-MID","Y4","J","Y4 7110","06FEB 17:43",
"Flight scheduled","MTY-NLU","VB","J","VB 4410","06FEB 17:25","Flight scheduled","NLU-MTY","VB","J","VB 4411","06FEB 18:00",
"Flight scheduled","CUL-NLU","VB","J","VB 7417","06FEB 17:25","Flight scheduled","NLU-CUN","VB","J","VB 7417","06FEB 18:10",
"Flight scheduled","SLW-NLU","VB","J","VB 9395","06FEB 17:15","Flight scheduled","NLU-HMO","VB","J","VB 9304","06FEB 18:20",
"Flight scheduled","MZT-NLU","VB","J","VB 9235","06FEB 17:40","Flight scheduled","NLU-SJD","VB","J","VB 9496","06FEB 18:25",
"Flight scheduled","CJS-NLU","VB","J","VB 7434","06FEB 17:55","Flight scheduled","NLU-VER","VB","J","VB 7434","06FEB 18:35",
"Flight scheduled","MTY-NLU","VB","J","VB 4412","06FEB 18:05","Flight scheduled","NLU-MTY","VB","J","VB 4413","06FEB 18:35",
"Flight scheduled","PVR-NLU","AM","J","AM 881","06FEB 17:58","Flight scheduled","NLU-OAX","AM","J","AM 2042","06FEB 18:38",
"Flight scheduled","SJD-NLU","XN","J","XN 1233","06FEB 15:25","Flight scheduled","NLU-MID","XN","J","XN 1766","06FEB 18:45",
"Flight scheduled","MID-NLU","VB","J","VB 7282","06FEB 18:10","Flight scheduled","NLU-PXM","VB","J","VB 7282","06FEB 18:50",
"Flight scheduled","REX-NLU","VB","J","VB 9387","06FEB 17:30","Flight scheduled","NLU-BOG","VB","J","VB 770","06FEB 19:00",
"Flight scheduled","MAM-NLU","VB","J","VB 9533","06FEB 18:20","Flight scheduled","NLU-GDL","VB","J","VB 9522","06FEB 19:00",
"Flight scheduled","OAX-NLU","VB","J","VB 7009","06FEB 18:25","Flight scheduled","NLU-CUN","VB","J","VB 7009","06FEB 19:00",
"Flight scheduled","CUN-NLU","VB","J","VB 2284","06FEB 18:35","Flight scheduled","NLU-MID","VB","J","VB 9410","06FEB 19:15",
"Flight scheduled","CVM-NLU","XN","J","XN 1145","06FEB 18:50","Flight scheduled","NLU-MTY","XN","J","XN 1106","06FEB 19:20",
"Flight scheduled","MZT-NLU","XN","J","XN 1265","06FEB 18:45","Flight scheduled","NLU-GDL","XN","J","XN 1436","06FEB 20:00",
"Flight scheduled","MTY-NLU","AM","J","AM 995","06FEB 20:02","Flight scheduled","NLU-GDL","AM","J","AM 284","06FEB 20:40",
"Flight scheduled","OAX-NLU","AM","J","AM 2041","06FEB 20:49","Flight scheduled","NLU-VER","AM","J","AM 872","06FEB 21:30",
"Flight scheduled","TAM-NLU","VB","J","VB 7305","06FEB 21:00","Flight scheduled","NLU-GDL","VB","J","VB 7305","06FEB 21:30",
"Flight scheduled","DGO-NLU","AM","J","AM 2469","06FEB 21:10","Flight scheduled","NLU-MTY","AM","J","AM 998","06FEB 21:50",
"Flight scheduled","VER-NLU","VB","J","VB 7435","06FEB 21:30","Flight scheduled","NLU-CJS","VB","J","VB 7435","06FEB 22:10",
"Flight scheduled","PXM-NLU","VB","J","VB 7283","06FEB 22:10","Flight scheduled","NLU-MID","VB","J","VB 7283","06FEB 22:50",
"Flight scheduled","TIJ-NLU","Y4","J","Y4 3296","06FEB 22:37","Flight scheduled","NLU-TIJ","Y4","J","Y4 3297","06FEB 23:19",
"Flight scheduled","SDQ-NLU","DM","J","DM 4158","06FEB 22:44","Flight scheduled","NLU-SDQ","DM","J","DM 4159","06FEB 23:44",
"Flight scheduled","SJD-NLU","VB","J","VB 9497","06FEB 23:20","Flight scheduled","NLU-HAV","VB","J","VB 842","07FEB 06:00",
"Flight scheduled","HMO-NLU","VB","J","VB 9305","07FEB 00:20","Flight scheduled","NLU-GDL","VB","J","VB 9520","07FEB 06:00",
"Flight scheduled","MTY-NLU","VB","J","VB 9405","07FEB 00:25","Flight scheduled","NLU-MTY","VB","J","VB 9400","07FEB 06:00",
"Flight scheduled","MID-NLU","Y4","J","Y4 7111","06FEB 21:53","Flight scheduled","NLU-MID","Y4","J","Y4 7110","07FEB 06:09",
"Flight scheduled","CUN-NLU","VB","J","VB 2288","06FEB 23:50","Flight scheduled","NLU-CUN","VB","J","VB 2281","07FEB 06:20",
"Flight scheduled","GDL-NLU","Y4","J","Y4 1292","06FEB 20:28","Flight scheduled","NLU-GDL","Y4","J","Y4 1291","07FEB 06:30",
"Flight scheduled","BOG-NLU","VB","J","VB 771","07FEB 05:15","Flight scheduled","NLU-PXM","VB","J","VB 9222","07FEB 06:40",
"Flight scheduled","ACA-NLU","VB","J","VB 9297","06FEB 19:25","Flight scheduled","NLU-TIJ","VB","J","VB 5069","07FEB 08:00",
"Flight scheduled","GDL-NLU","VB","J","VB 7240","07FEB 07:15","Flight scheduled","NLU-TQO","VB","J","VB 7240","07FEB 08:00",
"Flight scheduled","SLP-NLU","ZV","J","ZV 341","07FEB 07:30","Flight scheduled","NLU-CVM","ZV","J","ZV 362","07FEB 08:00",
"Flight scheduled","BJX-NLU","VB","J","VB 7344","07FEB 07:30","Flight scheduled","NLU-CUU","VB","J","VB 7344","07FEB 08:00",
"Flight scheduled","MTY-NLU","VB","J","VB 7332","07FEB 07:35","Flight scheduled","NLU-VSA","VB","J","VB 7332","07FEB 08:05",
"Flight scheduled","GDL-NLU","VB","J","VB 9523","06FEB 22:10","Flight scheduled","NLU-NLD","VB","J","VB 9450","07FEB 08:20",
"Flight scheduled","GDL-NLU","AM","J","AM 287","07FEB 07:51","Flight scheduled","NLU-CLQ","AM","J","AM 2436","07FEB 08:29",
"Flight scheduled","CUN-NLU","VB","J","VB 2272","07FEB 07:30","Flight scheduled","NLU-CUN","VB","J","VB 2273","07FEB 08:30",
"Flight scheduled","VER-NLU","AM","J","AM 871","07FEB 07:50","Flight scheduled","NLU-TQO","AM","J","AM 592","07FEB 08:30",
"Flight scheduled","MID-NLU","VB","J","VB 7350","07FEB 07:55","Flight scheduled","NLU-PVR","VB","J","VB 7350","07FEB 08:35",
"Flight scheduled","IZT-NLU","XN","J","XN 1993","06FEB 15:30","Flight scheduled","NLU-TQO","XN","J","XN 1780","07FEB 08:50",
"Flight scheduled","GDL-NLU","XN","J","XN 1437","06FEB 23:00","Flight scheduled","NLU-GDL","XN","J","XN 1432","07FEB 09:00",
"Flight scheduled","TIJ-NLU","XN","J","XN 1205","07FEB 05:30","Flight scheduled","NLU-MTY","XN","J","XN 1102","07FEB 09:40",
"Flight scheduled","GDL-NLU","VB","J","VB 9521","07FEB 09:15","Flight scheduled","NLU-ZIH","VB","J","VB 9312","07FEB 10:00",
"Flight scheduled","PUJ-NLU","DM","J","DM 7104","07FEB 09:06","Flight scheduled","NLU-PUJ","DM","J","DM 7105","07FEB 10:06",
"Flight scheduled","PXM-NLU","VB","J","VB 9223","07FEB 09:50","Flight scheduled","NLU-HUX","VB","J","VB 9294","07FEB 10:35",
"Flight scheduled","GDL-NLU","Y4","J","Y4 1290","07FEB 09:43","Flight scheduled","NLU-CUN","Y4","J","Y4 3533","07FEB 10:44",
"Flight scheduled","TIJ-NLU","VB","J","VB 7428","07FEB 11:15","Flight scheduled","NLU-TGZ","VB","J","VB 7428","07FEB 11:55",
"Flight scheduled","VSA-NLU","VB","J","VB 7333","07FEB 11:45","Flight scheduled","NLU-MTY","VB","J","VB 7333","07FEB 12:20",
"Flight scheduled","CLQ-NLU","AM","J","AM 2437","07FEB 11:43","Flight scheduled","NLU-MID","AM","J","AM 878","07FEB 12:23",
"Flight scheduled","MID-NLU","VB","J","VB 9411","06FEB 23:40","Flight scheduled","NLU-LAP","VB","J","VB 9298","07FEB 12:35",
"Flight scheduled","CVM-NLU","ZV","J","ZV 363","07FEB 12:05","Flight scheduled","NLU-CVM","ZV","J","ZV 360","07FEB 12:35",
"Flight scheduled","CUN-NLU","VB","J","VB 7416","07FEB 12:00","Flight scheduled","NLU-CUL","VB","J","VB 7416","07FEB 12:50",
"Flight scheduled","PVR-NLU","VB","J","VB 7351","07FEB 12:20","Flight scheduled","NLU-MID","VB","J","VB 7351","07FEB 13:00",
"Flight scheduled","CUN-NLU","AM","J","AM 591","07FEB 11:56","Flight scheduled","NLU-CUN","AM","J","AM 596","07FEB 13:34",
"Flight scheduled","CUU-NLU","VB","J","VB 7345","07FEB 13:05","Flight scheduled","NLU-BJX","VB","J","VB 7345","07FEB 13:35",
"Flight scheduled","TPQ-NLU","VB","J","VB 9429","07FEB 12:15","Flight scheduled","NLU-SLW","VB","J","VB 9394","07FEB 13:40",
"Flight scheduled","TQO-NLU","VB","J","VB 7241","07FEB 12:55","Flight scheduled","NLU-GDL","VB","J","VB 7241","07FEB 13:40",
"Flight scheduled","TQO-NLU","AM","J","AM 593","07FEB 13:32","Flight scheduled","NLU-PVR","AM","J","AM 880","07FEB 14:12",
"Flight scheduled","MID-NLU","Y4","J","Y4 7113","07FEB 14:41","Flight scheduled","NLU-LAP","Y4","J","Y4 7170","07FEB 15:22",
"Flight scheduled","TQO-NLU","XN","J","XN 1781","07FEB 13:35","Flight scheduled","NLU-MID","XN","J","XN 1764","07FEB 15:40",
"Flight scheduled","CUN-NLU","VB","J","VB 7008","07FEB 15:05","Flight scheduled","NLU-OAX","VB","J","VB 7008","07FEB 15:40",
"Flight scheduled","TGZ-NLU","VB","J","VB 7429","07FEB 15:45","Flight scheduled","NLU-TIJ","VB","J","VB 7429","07FEB 16:25",
"Flight scheduled","CVM-NLU","ZV","J","ZV 361","07FEB 16:40","Flight scheduled","NLU-SLP","ZV","J","ZV 340","07FEB 17:10",
"Flight scheduled","CUN-NLU","Y4","J","Y4 3532","07FEB 16:20","Flight scheduled","NLU-GDL","Y4","J","Y4 1293","07FEB 17:15",
"Flight scheduled","MID-NLU","AM","J","AM 875","07FEB 16:50","Flight scheduled","NLU-DGO","AM","J","AM 2600","07FEB 17:30",
"Flight scheduled","MTY-NLU","VB","J","VB 7016","07FEB 17:25","Flight scheduled","NLU-ACA","VB","J","VB 7016","07FEB 17:55",
"Flight scheduled","CUL-NLU","VB","J","VB 7417","07FEB 17:25","Flight scheduled","NLU-CUN","VB","J","VB 7417","07FEB 18:10",
"Flight scheduled","SLW-NLU","VB","J","VB 9395","07FEB 17:25","Flight scheduled","NLU-SJD","VB","J","VB 9496","07FEB 18:25",
"Flight scheduled","PVR-NLU","AM","J","AM 881","07FEB 17:58","Flight scheduled","NLU-OAX","AM","J","AM 2042","07FEB 18:38",
"Flight scheduled","MID-NLU","VB","J","VB 6016","07FEB 18:10","Flight scheduled","NLU-MID","VB","J","VB 6017","07FEB 18:55",
"Flight scheduled","LAP-NLU","VB","J","VB 9299","07FEB 17:30","Flight scheduled","NLU-BOG","VB","J","VB 770","07FEB 19:00",
"Flight scheduled","OAX-NLU","VB","J","VB 7009","07FEB 18:25","Flight scheduled","NLU-CUN","VB","J","VB 7009","07FEB 19:00",
"Flight scheduled","MTY-NLU","AM","J","AM 995","07FEB 20:02","Flight scheduled","NLU-GDL","AM","J","AM 284","07FEB 20:40",
"Flight scheduled","OAX-NLU","AM","J","AM 2041","07FEB 20:10","Flight scheduled","NLU-VER","AM","J","AM 872","07FEB 20:50",
"Flight scheduled","ACA-NLU","VB","J","VB 7017","07FEB 20:50","Flight scheduled","NLU-MTY","VB","J","VB 7017","07FEB 21:20",
"Flight scheduled","DGO-NLU","AM","J","AM 2469","07FEB 21:10","Flight scheduled","NLU-MTY","AM","J","AM 998","07FEB 21:50",
"Flight scheduled","MID-NLU","XN","J","XN 1765","07FEB 20:00","Flight scheduled","NLU-TIJ","XN","J","XN 1204","07FEB 21:55",
"Flight scheduled","TIJ-NLU","Y4","J","Y4 3296","07FEB 22:37","Flight scheduled","NLU-TIJ","Y4","J","Y4 3297","07FEB 23:19",
"Flight scheduled","LAP-NLU","Y4","J","Y4 7171","07FEB 20:23","Flight scheduled","NLU-BOG","Y4","J","Y4 3960","08FEB 00:36",
"Flight scheduled","ZIH-NLU","VB","J","VB 9313","07FEB 12:45","Flight scheduled","NLU-CTM","VB","J","VB 9462","08FEB 06:00",
"Flight scheduled","TIJ-NLU","VB","J","VB 5070","07FEB 15:35","Flight scheduled","NLU-MTY","VB","J","VB 9400","08FEB 06:00",
"Flight scheduled","MTY-NLU","VB","J","VB 7381","08FEB 00:25","Flight scheduled","NLU-GDL","VB","J","VB 9520","08FEB 06:00",
"Flight scheduled","CUN-NLU","VB","J","VB 2288","07FEB 23:50","Flight scheduled","NLU-CUN","VB","J","VB 2281","08FEB 06:20",
"Flight scheduled","GDL-NLU","Y4","J","Y4 1292","07FEB 20:28","Flight scheduled","NLU-GDL","Y4","J","Y4 1291","08FEB 06:30",
"Flight scheduled","BOG-NLU","VB","J","VB 771","08FEB 05:15","Flight scheduled","NLU-PXM","VB","J","VB 9222","08FEB 06:40",
"Flight scheduled","SJD-NLU","VB","J","VB 9497","07FEB 23:20","Flight scheduled","NLU-CEN","VB","J","VB 9480","08FEB 06:50",
"Flight scheduled","HUX-NLU","VB","J","VB 9295","07FEB 13:55","Flight scheduled","NLU-TIJ","VB","J","VB 5069","08FEB 08:00",
"Flight scheduled","GDL-NLU","VB","J","VB 7240","08FEB 07:15","Flight scheduled","NLU-TQO","VB","J","VB 7240","08FEB 08:00",
"Flight scheduled","SLP-NLU","ZV","J","ZV 341","08FEB 07:30","Flight scheduled","NLU-CVM","ZV","J","ZV 362","08FEB 08:00",
"Flight scheduled","BJX-NLU","VB","J","VB 7344","08FEB 07:30","Flight scheduled","NLU-CUU","VB","J","VB 7344","08FEB 08:00",
"Flight scheduled","MTY-NLU","VB","J","VB 7332","08FEB 07:35","Flight scheduled","NLU-VSA","VB","J","VB 7332","08FEB 08:05",
"Flight scheduled","TIJ-NLU","XN","J","XN 1205","08FEB 05:30","Flight scheduled","NLU-GDL","XN","J","XN 1432","08FEB 08:20",
"Flight scheduled","GDL-NLU","AM","J","AM 287","08FEB 07:51","Flight scheduled","NLU-CLQ","AM","J","AM 2436","08FEB 08:29",
"Flight scheduled","GDL-NLU","VB","J","VB 9523","07FEB 22:30","Flight scheduled","NLU-LAP","VB","J","VB 9298","08FEB 08:30",
"Flight scheduled","CUN-NLU","VB","J","VB 2272","08FEB 07:30","Flight scheduled","NLU-CUN","VB","J","VB 2273","08FEB 08:30",
"Flight scheduled","VER-NLU","AM","J","AM 871","08FEB 07:50","Flight scheduled","NLU-TQO","AM","J","AM 592","08FEB 08:30",
"Flight scheduled","MID-NLU","VB","J","VB 7350","08FEB 07:55","Flight scheduled","NLU-PVR","VB","J","VB 7350","08FEB 08:35",
"Flight scheduled","MTY-NLU","XN","J","XN 1107","06FEB 22:55","Flight scheduled","NLU-CTM","XN","J","XN 1730","08FEB 09:00",
"Flight scheduled","GDL-NLU","XN","J","XN 1433","07FEB 12:00","Flight scheduled","NLU-MTY","XN","J","XN 1102","08FEB 09:40",
"Flight scheduled","GDL-NLU","VB","J","VB 9521","08FEB 09:15","Flight scheduled","NLU-ZIH","VB","J","VB 9312","08FEB 10:00",
"Flight scheduled","MTY-NLU","VB","J","VB 9407","08FEB 09:40","Flight scheduled","NLU-SLW","VB","J","VB 9394","08FEB 10:10",
"Flight scheduled","PUJ-NLU","DM","J","DM 7104","08FEB 09:21","Flight scheduled","NLU-PUJ","DM","J","DM 7105","08FEB 10:21",
"Flight scheduled","PXM-NLU","VB","J","VB 9223","08FEB 09:50","Flight scheduled","NLU-HUX","VB","J","VB 9294","08FEB 10:35",
"Flight scheduled","GDL-NLU","Y4","J","Y4 1290","08FEB 09:43","Flight scheduled","NLU-CUN","Y4","J","Y4 3533","08FEB 10:44",
"Flight scheduled","MTY-NLU","XN","J","XN 1103","07FEB 13:20","Flight scheduled","NLU-PQM","XN","J","XN 1922","08FEB 11:00",
"Flight scheduled","MTY-NLU","VB","J","VB 9401","08FEB 10:20","Flight scheduled","NLU-MTY","VB","J","VB 9402","08FEB 11:05",
"Flight scheduled","CTM-NLU","VB","J","VB 9463","08FEB 10:40","Flight scheduled","NLU-NLD","VB","J","VB 9450","08FEB 11:10",
"Flight scheduled","TIJ-NLU","VB","J","VB 7428","08FEB 11:15","Flight scheduled","NLU-TGZ","VB","J","VB 7428","08FEB 11:55",
"Flight scheduled","BOG-NLU","Y4","J","Y4 3961","08FEB 10:49","Flight scheduled","NLU-SJD","Y4","J","Y4 7120","08FEB 12:14",
"Flight scheduled","VSA-NLU","VB","J","VB 7333","08FEB 11:45","Flight scheduled","NLU-MTY","VB","J","VB 7333","08FEB 12:20",
"Flight scheduled","CLQ-NLU","AM","J","AM 2437","08FEB 11:43","Flight scheduled","NLU-MID","AM","J","AM 878","08FEB 12:23",
"Flight scheduled","GDL-NLU","XN","J","XN 1433","08FEB 11:20","Flight scheduled","NLU-MID","XN","J","XN 1762","08FEB 12:30",
"Flight scheduled","CVM-NLU","ZV","J","ZV 363","08FEB 12:05","Flight scheduled","NLU-CVM","ZV","J","ZV 360","08FEB 12:35",
"Flight scheduled","VER-NLU","ZV","J","ZV 391","08FEB 11:40","Flight scheduled","NLU-VER","ZV","J","ZV 390","08FEB 12:50",
"Flight scheduled","CUN-NLU","VB","J","VB 7416","08FEB 12:00","Flight scheduled","NLU-CUL","VB","J","VB 7416","08FEB 12:50",
"Flight scheduled","PVR-NLU","VB","J","VB 7351","08FEB 12:20","Flight scheduled","NLU-MID","VB","J","VB 7351","08FEB 13:00",
"Flight scheduled","CEN-NLU","VB","J","VB 9481","08FEB 12:10","Flight scheduled","NLU-CUN","VB","J","VB 2283","08FEB 13:10",
"Flight scheduled","CUN-NLU","AM","J","AM 591","08FEB 11:56","Flight scheduled","NLU-CUN","AM","J","AM 596","08FEB 13:34",
"Flight scheduled","CUU-NLU","VB","J","VB 7345","08FEB 13:05","Flight scheduled","NLU-BJX","VB","J","VB 7345","08FEB 13:35",
"Flight scheduled","ZIH-NLU","VB","J","VB 9313","08FEB 12:45","Flight scheduled","NLU-MZT","VB","J","VB 9234","08FEB 13:40",
"Flight scheduled","TQO-NLU","VB","J","VB 7241","08FEB 12:55","Flight scheduled","NLU-GDL","VB","J","VB 7241","08FEB 13:40",
"Flight scheduled","TQO-NLU","AM","J","AM 593","08FEB 13:32","Flight scheduled","NLU-PVR","AM","J","AM 880","08FEB 14:12",
"Flight scheduled","LAP-NLU","VB","J","VB 9299","08FEB 13:25","Flight scheduled","NLU-HMO","VB","J","VB 9304","08FEB 14:15",
"Flight scheduled","MTY-NLU","XN","J","XN 1103","08FEB 13:20","Flight scheduled","NLU-TQO","XN","J","XN 1782","08FEB 14:25",
"Flight scheduled","CTM-NLU","XN","J","XN 1731","08FEB 13:35","Flight scheduled","NLU-SJD","XN","J","XN 1234","08FEB 14:25",
"Flight scheduled","SLW-NLU","VB","J","VB 9395","08FEB 13:45","Flight scheduled","NLU-REX","VB","J","VB 9386","08FEB 14:35",
"Flight scheduled","MID-NLU","XN","J","XN 1767","06FEB 23:05","Flight scheduled","NLU-ZIH","XN","J","XN 1952","08FEB 14:40",
"Flight scheduled","HUX-NLU","VB","J","VB 9295","08FEB 13:55","Flight scheduled","NLU-MAM","VB","J","VB 9532","08FEB 14:45",
"Flight scheduled","CUN-NLU","VB","J","VB 7008","08FEB 15:05","Flight scheduled","NLU-OAX","VB","J","VB 7008","08FEB 15:40",
"Flight scheduled","NLD-NLU","VB","J","VB 9451","08FEB 14:55","Flight scheduled","NLU-MTY","VB","J","VB 7820","08FEB 15:50",
"Flight scheduled","TGZ-NLU","VB","J","VB 7429","08FEB 15:45","Flight scheduled","NLU-TIJ","VB","J","VB 7429","08FEB 16:25",
"Flight scheduled","TIJ-NLU","VB","J","VB 5070","08FEB 15:35","Flight scheduled","NLU-CUN","VB","J","VB 2279","08FEB 16:30",
"Flight scheduled","PQM-NLU","XN","J","XN 1923","08FEB 14:55","Flight scheduled","NLU-MZT","XN","J","XN 1264","08FEB 16:45",
"Flight scheduled","CVM-NLU","ZV","J","ZV 361","08FEB 16:40","Flight scheduled","NLU-SLP","ZV","J","ZV 340","08FEB 17:10",
"Flight scheduled","SJD-NLU","Y4","J","Y4 7121","08FEB 17:04","Flight scheduled","NLU-GDL","Y4","J","Y4 1293","08FEB 17:15",
"Flight scheduled","MID-NLU","AM","J","AM 875","08FEB 16:50","Flight scheduled","NLU-DGO","AM","J","AM 2600","08FEB 17:30",
"Flight scheduled","MID-NLU","XN","J","XN 1763","08FEB 16:50","Flight scheduled","NLU-PVR","XN","J","XN 1444","08FEB 17:40",
"Flight scheduled","CUN-NLU","Y4","J","Y4 3532","08FEB 16:20","Flight scheduled","NLU-MID","Y4","J","Y4 7110","08FEB 17:43",
"Flight scheduled","MTY-NLU","VB","J","VB 7016","08FEB 17:25","Flight scheduled","NLU-ACA","VB","J","VB 7016","08FEB 17:55",
"Flight scheduled","CUL-NLU","VB","J","VB 7417","08FEB 17:25","Flight scheduled","NLU-CUN","VB","J","VB 7417","08FEB 18:10",
"Flight scheduled","MZT-NLU","VB","J","VB 9235","08FEB 17:40","Flight scheduled","NLU-SJD","VB","J","VB 9496","08FEB 18:25",
"Flight scheduled","MTY-NLU","VB","J","VB 4412","08FEB 18:05","Flight scheduled","NLU-MTY","VB","J","VB 4413","08FEB 18:35",
"Flight scheduled","CJS-NLU","VB","J","VB 7434","09FEB 17:55","Flight scheduled","NLU-VER","VB","J","VB 7434","08FEB 18:35",
"Flight scheduled","PVR-NLU","AM","J","AM 881","08FEB 17:58","Flight scheduled","NLU-OAX","AM","J","AM 2042","08FEB 18:38",
"Flight scheduled","MID-NLU","VB","J","VB 7282","08FEB 18:10","Flight scheduled","NLU-PXM","VB","J","VB 7282","08FEB 18:50",
"Flight scheduled","REX-NLU","VB","J","VB 9387","08FEB 18:00","Flight scheduled","NLU-BOG","VB","J","VB 770","08FEB 19:00",
"Flight scheduled","MAM-NLU","VB","J","VB 9533","08FEB 18:20","Flight scheduled","NLU-GDL","VB","J","VB 9522","08FEB 19:00",
"Flight scheduled","OAX-NLU","VB","J","VB 7009","08FEB 18:25","Flight scheduled","NLU-CUN","VB","J","VB 7009","08FEB 19:00",
"Flight scheduled","CUN-NLU","VB","J","VB 2284","08FEB 18:35","Flight scheduled","NLU-MID","VB","J","VB 9410","08FEB 19:15",
"Flight scheduled","ZIH-NLU","XN","J","XN 1953","08FEB 17:45","Flight scheduled","NLU-MTY","XN","J","XN 1106","08FEB 19:20",
"Flight scheduled","SJD-NLU","XN","J","XN 1235","08FEB 19:10","Flight scheduled","NLU-GDL","XN","J","XN 1436","08FEB 20:00",
"Flight scheduled","MTY-NLU","AM","J","AM 995","08FEB 20:02","Flight scheduled","NLU-GDL","AM","J","AM 284","08FEB 20:40",
"Flight scheduled","ACA-NLU","VB","J","VB 7017","08FEB 20:50","Flight scheduled","NLU-MTY","VB","J","VB 7017","08FEB 21:20",
"Flight scheduled","OAX-NLU","AM","J","AM 2041","08FEB 20:49","Flight scheduled","NLU-VER","AM","J","AM 872","08FEB 21:30",
"Flight scheduled","TAM-NLU","VB","J","VB 7305","08FEB 21:00","Flight scheduled","NLU-GDL","VB","J","VB 7305","08FEB 21:30",
"Flight scheduled","DGO-NLU","AM","J","AM 2469","08FEB 21:10","Flight scheduled","NLU-MTY","AM","J","AM 998","08FEB 21:50",
"Flight scheduled","PVR-NLU","XN","J","XN 1445","08FEB 21:10","Flight scheduled","NLU-TIJ","XN","J","XN 1204","08FEB 21:55",
"Flight scheduled","VER-NLU","VB","J","VB 7435","08FEB 21:30","Flight scheduled","NLU-CJS","VB","J","VB 7435","08FEB 22:10",
"Flight scheduled","PXM-NLU","VB","J","VB 7283","08FEB 22:10","Flight scheduled","NLU-MID","VB","J","VB 7283","08FEB 22:50",
"Flight scheduled","TIJ-NLU","Y4","J","Y4 3296","08FEB 22:37","Flight scheduled","NLU-TIJ","Y4","J","Y4 3297","08FEB 23:19",
"Flight scheduled","MID-NLU","Y4","J","Y4 7111","08FEB 21:53","Flight scheduled","NLU-BOG","Y4","J","Y4 3960","09FEB 00:36",
"Flight scheduled","GDL-NLU","VB","J","VB 9523","08FEB 22:30","Flight scheduled","NLU-GDL","VB","J","VB 9520","09FEB 06:00",
"Flight scheduled","SJD-NLU","VB","J","VB 9497","08FEB 23:20","Flight scheduled","NLU-MTY","VB","J","VB 7382","09FEB 06:00",
"Flight scheduled","MID-NLU","VB","J","VB 9411","08FEB 23:40","Flight scheduled","NLU-CUN","VB","J","VB 2281","09FEB 06:20",
"Flight scheduled","GDL-NLU","Y4","J","Y4 1292","08FEB 20:28","Flight scheduled","NLU-GDL","Y4","J","Y4 1291","09FEB 06:30",
"Flight scheduled","GDL-NLU","XN","J","XN 1437","08FEB 23:00","Flight scheduled","NLU-GDL","XN","J","XN 1430","09FEB 06:30",
"Flight scheduled","MZT-NLU","XN","J","XN 1265","08FEB 20:35","Flight scheduled","NLU-MID","XN","J","XN 1760","09FEB 06:50",
"Flight scheduled","CUN-NLU","VB","J","VB 2288","08FEB 23:50","Flight scheduled","NLU-CEN","VB","J","VB 9480","09FEB 06:50",
"Flight scheduled","HMO-NLU","VB","J","VB 9305","08FEB 20:05","Flight scheduled","NLU-TIJ","VB","J","VB 5069","09FEB 08:00",
"Flight scheduled","CUN-NLU","VB","J","VB 2278","08FEB 21:50","Flight scheduled","NLU-NLD","VB","J","VB 9450","09FEB 08:20",
"Flight scheduled","MTY-NLU","VB","J","VB 9405","09FEB 00:25","Flight scheduled","NLU-LAP","VB","J","VB 9298","09FEB 08:30",
"Flight scheduled","MTY-NLU","XN","J","XN 1107","08FEB 22:55","Flight scheduled","NLU-TQO","XN","J","XN 1780","09FEB 08:50",
"Flight scheduled","TQO-NLU","XN","J","XN 1783","08FEB 19:10","Flight scheduled","NLU-CVM","XN","J","XN 1142","09FEB 11:00",
"Flight scheduled","NLD-NLU","VB","J","VB 9451","07FEB 12:05","Flight scheduled","NLU-HMO","VB","J","VB 9304","09FEB 18:20",
"Flight scheduled","CJS-NLU","VB","J","VB 7434","07FEB 17:55","Flight scheduled","NLU-VER","VB","J","VB 7434","09FEB 18:35",
